<?xml version="1.0" encoding="UTF-8"?><div xmlns="http://www.tei-c.org/ns/1.0"><p xmlns:atilf="http://www.atilf.fr" atilf:id="d1e3096">Cited in
            <bibl>Driscoll, M.J. <title level="a">P5-MS: A general purpose tagset for manuscript description</title> in
              <title level="j">Digital Medievalist</title>: <biblScope>2.1</biblScope>,
          <date>(2006)</date></bibl></p>
<p xmlns:atilf="http://www.atilf.fr" atilf:id="d1e6465">Reprinted in <ptr target="#Ide1995b"/>, pp. 17-40</p>
<p xmlns:atilf="http://www.atilf.fr" atilf:id="d1e9115">Ph D thesis, Bielefeld University</p>
<p xmlns:atilf="http://www.atilf.fr" atilf:id="d1e9118">See also <ptr target="http://xml.coverpages.org/Witt-allc2002.html"/>
        </p>
<p xmlns:atilf="http://www.atilf.fr" atilf:id="d1e10128">Revised version published as <ptr target="#Burnard1995a"/></p>
<p xmlns:atilf="http://www.atilf.fr" atilf:id="d1e10217">Reprinted in <ptr target="#Ide1995b"/>, pp. 41-50</p>
<p xmlns:atilf="http://www.atilf.fr" atilf:id="d1e10294">Presented at an interdisciplinary seminar at the Institute for Advanced Technology in the Humanities,
            University of Virginia, November 1999.</p>
<p xmlns:atilf="http://www.atilf.fr" atilf:id="d1e10341">Also published in <ptr target="#Moser2001a"/>, pp. 53–72</p>
<p xmlns:atilf="http://www.atilf.fr" atilf:id="d1e10501">Closing plenary address at the XML Europe Conference, Granada, May 1999</p>
<p xmlns:atilf="http://www.atilf.fr" atilf:id="d1e10598">Presented at CLIP, Alicante</p>
<p xmlns:atilf="http://www.atilf.fr" atilf:id="d1e10603"> Published in Italian as <ptr target="#Burnard2001a"/>
          </p>
<p xmlns:atilf="http://www.atilf.fr" atilf:id="d1e10973">This paper was proceeded by reports at the Joint Annual Conference of the Association for Computers and
            the Humanities and the Association for Literary and Linguistic Computing in 1999 (Charlottesville, Virginia)
            and Extreme Markup Languages 2000 (Montreal, Canada)</p>
<p xmlns:atilf="http://www.atilf.fr" atilf:id="d1e11034">This paper was presented in a session entitled "Electronic Document Technology."</p>
<p xmlns:atilf="http://www.atilf.fr" atilf:id="d1e11145">Reprinted with new commentary in <ptr target="#Landow1993a"/>, pp 85–118</p>
<p xmlns:atilf="http://www.atilf.fr" atilf:id="d1e11218">Technology report from the Cover Pages</p>
<p xmlns:atilf="http://www.atilf.fr" atilf:id="d1e11252">Paper presented at the Berkeley Finding Aid Conference, April 4–6, 1995</p>
<p xmlns:atilf="http://www.atilf.fr" atilf:id="d1e11332">Republished (<ptr target="#DeRose1997a"/>) as a "classic reprint" with invited commentary and authors'
            replies in the ACM/SIGDOC</p>
<p xmlns:atilf="http://www.atilf.fr" atilf:id="d1e11461">Adapted as "Annex A. Introduction to Generalized Markup" in ISO 8879</p>
<p xmlns:atilf="http://www.atilf.fr" atilf:id="d1e11604">Panel presented at ACH/ALLC 1999</p>
<p xmlns:atilf="http://www.atilf.fr" atilf:id="d1e11782">Republished as <ptr target="#Lamport1988a"/></p>
<p xmlns:atilf="http://www.atilf.fr" atilf:id="d1e12014">Report commissioned by ELRA</p>
<p xmlns:atilf="http://www.atilf.fr" atilf:id="d1e13558">Lecture I in the eHumanities NEH Lecture Series on Technology <g ref="#ET">et</g> the Humanities, Washington, DC,
            April 3, 2001</p>
<p xmlns:atilf="http://www.atilf.fr" atilf:id="d1e13589"> Part of a Symposium on "Humanities Computing: Formal Methods, Experimental Practice" sponsored by
            King's College, London</p>
<p xmlns:atilf="http://www.atilf.fr" atilf:id="d1e13680">Circular 1086. Florida Cooperative Extension Service, Institute of Food and Agricultural Sciences,
            University of Florida</p>
<p xmlns:atilf="http://www.atilf.fr" atilf:id="d1e13723">in preparation; draft only</p>
<p xmlns:atilf="http://www.atilf.fr" atilf:id="d1e14293">Prepared for a seminar on Etiquetación y extracción de información de grandes corpus textuales within
            the Curso Industrias de la Lengua (14–18 de Julio de 1997). Sponsored by the Fundacion Duques de
            Soria.</p>
<p xmlns:atilf="http://www.atilf.fr" atilf:id="d1e14484">PhD Dissertation</p>
<p xmlns:atilf="http://www.atilf.fr" atilf:id="d1e14939">Paper presented at XML Europe 2003, London, March 2003</p>
<p xmlns:atilf="http://www.atilf.fr" atilf:id="d1e14987">Paper presented at XML Europe 2004, Amsterdam, April 2004</p>
<p xmlns:atilf="http://www.atilf.fr" atilf:id="d1e15047">Interactive seminar for the Monist</p>
</div>