<?xml version="1.0" encoding="UTF-8"?><?xml-stylesheet type="text/css" href="http://asmode.atilf.fr/frantextAnnote.css"
    ?><TEI xmlns="http://www.tei-c.org/ns/1.0">
<teiHeader>
    <fileDesc>
        <titleStmt>
            <title>No Second Troy</title>
            <author>Yeats</author>
        </titleStmt>
        <publicationStmt><p>Hoppefully public domain !</p></publicationStmt>
        <sourceDesc><p>born digital</p></sourceDesc>
    </fileDesc>
</teiHeader>
    <text>
        <body>
    <div>
<head><w pos="DT">No</w> <w pos="JJ">Second</w> <w pos="NNP">Troy</w></head>
<head><w pos="IN">by</w> <w pos="NNP">William</w> <w pos="NNP">Butler</w> <w pos="NNP">Yeats</w></head>

  

<l><w pos="WRB">Why</w> <w pos="MD">should</w> <w pos="PRP">I</w> <w pos="VB">blame</w> <w pos="PRP$">her</w> <w pos="IN">that</w> <w pos="PRP">sh<a next="#Repair_new0">e</a></w><a xml:id="Repair_new0"> <w next="#Repair_new1" pos="VBD">fill</w></a><w xml:id="Repair_new1">ed</w> <w pos="PRP$">my</w> <w pos="NNS">days</w></l>
<l><w pos="IN">With</w> <w pos="NN">misery</w><w pos=",">,</w> <w pos="CC">or</w> <w pos="IN">that</w> <w pos="PRP">she</w> <w pos="MD">would</w> <w pos="IN">of</w> <w pos="JJ">late</w></l>
<l><w pos="VBP">Have</w> <w pos="VBN">taught</w> <w pos="TO">to</w> <w pos="JJ">ignorant</w> <w pos="NNS">men</w> <w pos="RBS">most</w> <w pos="JJ">violent</w> <w pos="NNS">ways</w><w pos=",">,</w></l>
<l><w pos="CC">Or</w> <w pos="VBD">hurled</w> <w pos="DT">the</w> <w pos="JJ">little</w> <w pos="NNS">streets</w> <w pos="IN">upon</w> <w pos="DT">the</w> <w pos="JJ">great</w><w pos=".">.</w></l>
<l><w pos="VBD">Had</w> <w pos="PRP">they</w> <w pos="CC">but</w> <w pos="NN">courage</w> <w pos="JJ">equal</w> <w pos="TO">to</w> <w pos="VB">desire</w><w pos=".">?</w></l>
<l><w pos="WP">What</w> <w pos="MD">could</w> <w pos="VB">have</w> <w pos="VBN">made</w> <w pos="PRP$">her</w> <w pos="JJ">peaceful</w> <w pos="IN">with</w> <w pos="DT">a</w> <w pos="NN">mind</w></l>
<l><w pos="WDT">That</w> <w pos="VBZ">nobleness</w> <w pos="VBN">made</w> <w pos="JJ">simple</w> <w pos="IN">as</w> <w pos="DT">a</w> <w pos="NN">fire</w><w pos=",">,</w></l>
<l><w pos="IN">With</w> <w pos="NN">beauty</w> <w pos="IN">like</w> <w pos="DT">a</w> <w pos="VBN">tightened</w> <w pos="NN">bow</w><w pos=",">,</w> <w pos="DT">a</w> <w pos="NN">kind</w></l>
<l><w pos="DT">That</w> <w pos="VBZ">is</w> <w pos="RB">not</w> <w pos="JJ">natural</w> <w pos="IN">in</w> <w pos="DT">an</w> <w pos="NN">age</w> <w pos="IN">like</w> <w pos="DT">this</w><w pos=",">,</w></l>
<l><w pos="VBG">Being</w> <w pos="JJ">high</w> <w pos="CC">and</w> <w pos="JJ">solitary</w> <w pos="CC">and</w> <w pos="RBS">most</w> <w pos="JJ">stern</w><w pos=".">?</w></l>
<l><w pos="WRB">Why</w><w pos=",">,</w> <w pos="WP">what</w> <w pos="MD">could</w> <w pos="PRP">she</w> <w pos="VB">have</w> <w pos="VBN">done</w><w pos=",">,</w> <w pos="VBG">being</w> <w pos="WP">what</w> <w pos="PRP">she</w> <w pos="VBZ">is</w><w pos=".">?</w></l>
<l><w pos="VBD">Was</w> <w pos="EX">there</w> <w pos="DT">another</w> <w pos="NNP">Troy</w> <w pos="IN">for</w> <w pos="PRP$">her</w> <w pos="TO">to</w> <w pos="VB">burn</w><w pos=".">?</w></l>
</div>
        </body>
    </text>
</TEI>