<?xml version="1.0"?>
<project name="Annotation demo (Stanford tagger)" default="annotation demo">
  <property name="TaggerPath" value="."/>
  <property name="XslPath" value="."/>
  <property name="wdPath" value="demosWorkspace"/>

  <!-- or : ${oxygenlib}/saxon9ee.jar -->
  <property name="resultsPath" value="."/>
  <property name="JAVAP" location="JAVA"/>
  <property name="currDir" value="."/>


  <!--<macrodef name="forked-xslt">
    <attribute name="in"/>
    <attribute name="out"/>
    <attribute name="style"/>
    <sequential>
      <java jar="${saxonPath}" fork="true" failonerror="true" output="${out}">
	<jvmarg value="-Xmx3G">
	</jvmarg>
	<arg value="-s:@{in}"/>
        <arg value="@{style}"/>
      </java>
    </sequential>
  </macrodef>-->
  
  <target name="annotation demo">
 
    
    <!--<echo message="file name : ${fileName}"/>
	<echo message="javap : ${JAVAP}"/>-->
    



    <echo message="Let's go !"/>
    <basename property="bnFile" file="${fileName}" suffix=".xml"/> 
    <mkdir dir="${wdPath}"/>
    
     <xslt force="yes" in="${fileName}" out="${wdPath}/${bnFile}Edition.xml" style="${XslPath}/extraireEdition.xsl" classpath="./saxonb.jar">
       <factory name="net.sf.saxon.TransformerFactoryImpl">
	  <attribute name="http://saxon.sf.net/feature/allow-external-functions" value="true"/>
       </factory>
       <!-- <classpath location="${saxonPath}"/>-->
       <param name="annotation" expression="${bnFile}.annotations"/>
       <param name="fichierNotes" expression="${bnFile}_notes.xml"/>
       
     </xslt>

     <xslt in="${wdPath}/${bnFile}Edition.xml" out="${wdPath}/${bnFile}.txt" style="${XslPath}/extraireTexte.xsl" classpath="./saxonb.jar">
       <factory name="net.sf.saxon.TransformerFactoryImpl"/> 
     </xslt>


     <java classname="edu.stanford.nlp.tagger.maxent.MaxentTagger" output="${wdPath}/${bnFile}.pos" fork="true"
       failonerror="true">
       <jvmarg value="-Dfile.encoding=UTF-8"/>
       <arg line="-model english-left3words-distsim.tagger -textFile ${wdPath}/${bnFile}.txt"/>
       <classpath>
	 <pathelement path="stanford-postagger-3.9.2.jar"/>
       </classpath>
     </java>


     <java classname="StanfordToTab" output="${wdPath}/${bnFile}.tab" fork="true"
       failonerror="true">
       <jvmarg value="-Dfile.encoding=UTF-8"/>
       <arg line="${wdPath}/${bnFile}.pos"/>
     </java>

     <java jar="alignXMLAndTab.jar" output="${wdPath}/${bnFile}.tab.align" fork="true" error="${wdPath}/${bnFile}.align.err"
       failonerror="true">
       <jvmarg value="-Dfile.encoding=UTF-8"/>
       <arg line="${wdPath}/${bnFile}Edition.xml ${wdPath}/${bnFile}.tab"/>
     </java>

     <java jar="faireComp.jar" output="${wdPath}/${bnFile}.comp" fork="true"
	   error="${wdPath}/${bnFile}.comp.err"
       failonerror="true">
       <jvmarg value="-Dfile.encoding=UTF-8"/>
       <arg line="${wdPath}/${bnFile}.tab.align"/>
     </java>

     

     <!-- On remballe -->
     <java jar="mix2.jar" output="${wdPath}/${bnFile}Edition.ann.xml" error="${wdPath}/${bnFile}.err"
      fork="true"
      failonerror="true">
       <jvmarg value="-Xmx16G">
       </jvmarg>
       <jvmarg value="-Xss150m">
       </jvmarg>
       <jvmarg value="-Dfile.encoding=UTF-8"/>
       <arg line="${wdPath}/${bnFile}Edition.xml ${wdPath}/${bnFile}.comp"/>
       <!--<classpath>
	 <pathelement location="dist/test.jar"/>
	 <pathelement path="${java.class.path}"/>
       </classpath>-->
     </java>

     <!-- on réintègre les notes.... -->
      <xslt in="${wdPath}/${bnFile}Edition.ann.xml" out="${wdPath}/${bnFile}.annote.temp.xml" style="${XslPath}/reIntegrerNotes.xsl" classpath="saxonb.jar">
	<factory name="net.sf.saxon.TransformerFactoryImpl"/>
	<param name="annotation" expression="${wdPath}/${bnFile}.annotations"/>
	<param name="annotationAnnotees" expression="${wdPath}/${bnFile}_notes.xml"/>
     </xslt>
    
     <!-- on vire les atilf:id -->
     <xslt in="${wdPath}/${bnFile}.annote.temp.xml" out="${wdPath}/${bnFile}.posc.xml" style="${XslPath}/idnns.xsl" classpath="saxonb.jar">
       <factory name="net.sf.saxon.TransformerFactoryImpl"/>
     </xslt>
     
     <!-- we copy the result -->
      <copy file="${wdPath}/${bnFile}.posc.xml" toFile="${currDir}/${bnFile}.pos.xml"/>
     
   </target>

   <target name="clean">
     <delete>
       <fileset dir="${wdPath}" includes="*"/>
     </delete>
     <delete>
       <fileset dir="${resultsPath}" includes="*"/>
     </delete>
     <delete>
       <fileset dir="${TalismanePath}/fichiers_IN" includes="*"/>
     </delete>
     <delete>
       <fileset dir="${TalismanePath}/fichiers_OUT" includes="*"/>
     </delete>
     <delete>
       <fileset dir="logs" includes="*"/>
     </delete>
   </target>
</project>
